Employee Id,First Name,Last Name,Age,Birth Date,Join Date,Salary,Manager Name,Department
I1,Wixy,Piwz,44,1979-03-15,2013-12-20,97948,Doqa,Research and Development
S2,Xiva,Muvx,24,1999-08-5,2023-01-28,99339,Bysq,Finance
L3,Tuxi,Hybs,60,1963-02-25,2000-06-4,91380,Rizt,Sales
F4,Losv,Aaje,40,1983-06-3,2008-10-14,49570,Vakd,Legal
I5,Uyfw,Uigq,47,1976-04-19,2003-03-11,44015,Eoxa,Legal
K6,Budv,Sesj,41,1982-07-24,2020-02-24,31144,Zisb,Research and Development
L7,Aimm,Oatm,49,1974-08-13,2015-07-27,46229,Cizo,Legal
V8,Bajc,Dibe,35,1988-09-1,2018-03-25,34615,Qyzw,Marketing
P9,Kyho,Cyhh,22,2001-04-26,2023-06-24,13173,Syjx,Research and Development
X10,Rijl,Rokz,35,1988-04-23,2009-07-31,26948,Vama,Research and Development
S11,Mosx,Pyhm,27,1996-11-16,2017-03-30,86490,Vykk,Human Resources
A12,Hahk,Gocq,32,1991-02-12,2023-06-15,23889,Qulx,Research and Development
H13,Iuvl,Muwc,57,1966-02-14,1992-03-7,25989,Wuxr,Research and Development
J14,Sikm,Yiss,60,1963-10-30,1995-10-1,17104,Wupp,IT
V15,Vecn,Ietd,57,1966-11-1,2020-05-3,81366,Keku,Product Management
V16,Zukb,Dimk,48,1975-01-9,2016-07-12,73770,Lejm,IT
Y17,Nehe,Dywy,42,1981-06-6,2015-10-14,57120,Xish,Product Management
E18,Ootk,Degz,56,1967-09-15,2014-01-26,10798,Mapb,Product Management
W19,Pemb,Fypl,33,1990-07-12,2021-11-25,52635,Gund,Finance
C20,Oany,Oorx,55,1968-10-20,1995-05-27,44486,Nuqo,Research and Development
Y21,Hydu,Nedj,42,1981-12-22,2013-08-3,67343,Yibr,IT
Y22,Eirb,Iilr,21,2002-11-18,2023-12-29,39698,Kavo,Product Management
R23,Bexr,Godf,51,1972-11-10,2009-12-23,74422,Lyhc,IT
H24,Jymv,Ueve,31,1992-06-24,2021-10-1,67049,Busi,Legal
Y25,Zolk,Cigt,58,1965-07-27,2020-04-21,50870,Cucr,Research and Development
N26,Rupb,Xinj,23,2000-10-6,2023-09-28,74507,Devh,Operations
J27,Oysy,Eofs,44,1979-02-12,2013-11-6,81844,Fehh,Product Management
J28,Woqy,Were,54,1969-03-29,1993-09-11,39340,Nizt,Operations
X29,Aenn,Fuqr,45,1978-05-5,2014-08-20,48093,Wozz,Product Management
S30,Bijl,Jelk,34,1989-01-18,2011-07-20,43031,Kipc,Human Resources
S31,Fuma,Pubu,57,1966-04-3,1992-04-31,85492,Sudh,Finance
Q32,Qedm,Aydi,48,1975-08-5,2014-02-21,51988,Capr,Research and Development
C33,Oymf,Mucw,40,1983-01-6,2016-11-10,92283,Homg,Sales
Y34,Kepm,Johr,24,1999-07-22,2020-02-23,90652,Fikh,Research and Development
E35,Aohx,Zyws,51,1972-09-15,1993-02-16,61814,Qolo,Sales
L36,Gign,Ayvm,27,1996-11-11,2021-04-29,65774,Yyhc,Operations
C37,Tywb,Febt,43,1980-01-12,2023-06-25,76372,Oyje,Marketing
Q38,Mejk,Fuwy,57,1966-08-25,1991-10-4,91057,Xaxa,IT
O39,Vowg,Pokr,26,1997-11-4,2022-09-16,12760,Maqx,Marketing
N40,Doto,Gybq,23,2000-10-14,2022-08-14,22657,Aewm,Research and Development
U41,Uazi,Well,23,2000-01-19,2023-04-8,45695,Eekk,Legal
U42,Rekt,Zirm,55,1968-02-26,2012-11-10,21085,Jomu,Finance
D43,Zokp,Kina,39,1984-03-21,2007-10-25,71355,Eovr,Customer Service
J44,Fofs,Quxi,30,1993-10-25,2021-05-4,29731,Eubd,Customer Service
V45,Qolx,Zaxt,42,1981-05-29,2022-11-10,93366,Qokg,Research and Development
J46,Ronq,Qexg,48,1975-11-6,2015-01-29,60455,Joze,Human Resources
W47,Tyse,Butq,35,1988-09-2,2012-07-8,72540,Tujb,Human Resources
C48,Pikq,Lycq,34,1989-10-31,2017-06-31,82126,Ayvb,Research and Development
Y49,Hitv,Rylp,27,1996-05-18,2023-03-8,39878,Tawh,Research and Development
Q50,Aydz,Casy,50,1973-02-22,2018-03-24,77212,Kiva,Research and Development
H51,Zizu,Rurj,45,1978-11-6,2014-02-25,18360,Iezl,Research and Development
F52,Uyjy,Necw,58,1965-05-5,2018-10-10,54345,Vijb,Finance
G53,Vebx,Jecn,26,1997-03-7,2022-05-4,18757,Rakz,Legal
I54,Uyvz,Mamg,59,1964-05-26,1986-12-8,50303,Yinp,Legal
X55,Fumg,Niwf,36,1987-10-29,2013-08-9,47202,Liks,IT
H56,Qerk,Lagz,49,1974-11-31,1995-04-13,84358,Refo,Research and Development
I57,Marn,Tydn,49,1974-09-30,2010-05-7,51110,Xufr,Legal
L58,Mimz,Jecm,37,1986-01-24,2020-09-20,21805,Iabb,Finance
X59,Eyrp,Dilu,48,1975-08-30,1998-07-31,49529,Wecz,Research and Development
Z60,Vydb,Togy,21,2002-02-8,2023-10-25,54080,Yizs,Legal
D61,Xofm,Folp,48,1975-01-12,2022-02-3,43254,Becs,Finance
T62,Rewo,Kymv,56,1967-12-7,2000-03-17,47366,Rofm,Legal
O63,Yozn,Oywa,48,1975-03-5,2002-09-20,77555,Fyzq,Product Management
I64,Lojb,Tede,24,1999-03-28,2023-01-7,96935,Fana,IT
X65,Yuqo,Euso,36,1987-01-28,2017-08-21,85957,Zebe,Research and Development
H66,Oext,Lenw,51,1972-01-19,1998-12-15,70003,Jyxq,Finance
O67,Kosb,Dixj,31,1992-08-7,2016-09-31,10987,Aufq,Human Resources
Y68,Fups,Oixl,47,1976-12-5,2003-08-17,58424,Jagh,Product Management
J69,Hysg,Meni,27,1996-07-29,2018-06-26,15551,Lobe,Research and Development
B70,Yiqk,Fidh,56,1967-07-14,1999-08-25,63583,Myxe,Research and Development
H71,Kyvi,Dumh,22,2001-06-10,2022-07-5,99681,Eucg,Finance
K72,Huww,Cykn,43,1980-10-19,2006-03-24,62334,Bohy,Research and Development
N73,Joce,Zike,56,1967-01-11,1988-07-31,56348,Nowj,Finance
A74,Eahr,Jepz,55,1968-04-11,2009-09-13,23538,Zumo,Research and Development
X75,Jagn,Ryfu,33,1990-12-20,2019-08-25,49911,Hasq,Product Management
O76,Quvn,Fihd,26,1997-10-2,2019-06-29,16237,Simb,Research and Development
Q77,Cekw,Remg,50,1973-09-14,2018-11-8,38916,Rydt,Research and Development
L78,Oull,Kyzc,29,1994-01-5,2015-07-21,31516,Nihc,Research and Development
E79,Cojr,Eyvq,41,1982-02-11,2018-08-23,13083,Kaxy,Operations
K80,Kymj,Seck,58,1965-10-28,2009-12-20,49677,Peji,Sales
C81,Marb,Xalp,48,1975-03-24,2009-12-30,84514,Tard,IT
O82,Xofk,Suvt,28,1995-10-28,2020-03-22,30882,Fyxn,Finance
N83,Sedc,Nybx,34,1989-05-31,2011-10-30,91275,Aekt,Research and Development
T84,Gycy,Bezx,54,1969-11-30,2021-06-28,51498,Kinz,Product Management
W85,Geto,Ramg,22,2001-11-3,2022-08-5,99599,Wudx,Product Management
W86,Hojk,Lafk,24,1999-11-4,2023-11-1,94687,Tesd,Research and Development
S87,Hyqm,Hyhu,54,1969-01-23,2020-10-7,54598,Oojh,Finance
O88,Wiml,Bedh,27,1996-04-24,2018-08-2,55193,Eoww,Sales
P89,Yejl,Qelr,25,1998-06-22,2022-05-18,54962,Paqa,Legal
V90,Uewa,Zalr,25,1998-10-10,2023-04-15,21356,Aycz,Sales
Z91,Yevr,Velx,30,1993-11-21,2018-08-8,46684,Uott,Research and Development
H92,Xojc,Lodm,37,1986-12-15,2012-03-16,74489,Wewq,Finance
M93,Kacr,Iufw,60,1963-07-3,2017-11-3,49091,Aopt,Customer Service
D94,Kyxz,Rofd,44,1979-09-23,2008-05-28,83814,Vyjx,Human Resources
F95,Xesr,Zunf,31,1992-08-25,2017-12-26,95911,Nesj,Customer Service
X96,Mafn,Oela,29,1994-01-2,2022-09-1,47481,Sukc,IT
A97,Wuvt,Kipm,43,1980-07-4,2018-01-15,17736,Uucq,Research and Development
Q98,Qaqt,Fudl,24,1999-03-1,2021-11-14,37377,Pynt,IT
F99,Wypp,Cogo,44,1979-02-6,2005-11-1,28887,Oibi,IT
C100,Mypg,Tabc,50,1973-12-15,1997-09-5,72506,Tudp,Research and Development
